{"cameraMode":{"drawMode":0,"name":"Shaded","section":"Shading Mode"},"sceneLighting":true,"audioPlay":false,"sceneViewState":{"showFog":true,"showMaterialUpdate":false,"showSkybox":true,"showFlares":true,"showImageEffects":true,"showParticleSystems":true},"in2DMode":false,"pivot":{"x":175.71563720703126,"y":104.35343933105469,"z":-229.63217163085938},"rotation":{"x":-0.20588143169879914,"y":-0.0475381463766098,"z":0.01001601479947567,"w":-0.977388858795166},"size":18.5822811126709,"orthographic":true}