{"cameraMode":{"drawMode":0,"name":"Shaded","section":"Shading Mode"},"sceneLighting":true,"audioPlay":false,"sceneViewState":{"showFog":true,"showMaterialUpdate":false,"showSkybox":true,"showFlares":true,"showImageEffects":true,"showParticleSystems":true},"in2DMode":false,"pivot":{"x":70.1834945678711,"y":6.927178859710693,"z":-8.993497848510743},"rotation":{"x":-0.06057160347700119,"y":-0.006591040175408125,"z":0.00040136079769581556,"w":-0.9981498122215271},"size":39.7235221862793,"orthographic":true}