{"cameraMode":{"drawMode":0,"name":"Shaded","section":"Shading Mode"},"sceneLighting":false,"audioPlay":false,"sceneViewState":{"showFog":true,"showMaterialUpdate":false,"showSkybox":false,"showFlares":true,"showImageEffects":true,"showParticleSystems":true},"in2DMode":false,"pivot":{"x":-0.2459999918937683,"y":0.25699999928474429,"z":-0.5},"rotation":{"x":-0.012098141945898533,"y":0.9878930449485779,"z":-0.11221904307603836,"w":-0.10650811344385147},"size":4.135116100311279,"orthographic":true}